{
  "seasons": {
    "20252026": {
      "last_built": "2026-01-19",
      "ratings": {
        "7": 1546.6413622081136,
        "5": 1526.7339877854404,
        "54": 1513.0853111616814,
        "21": 1661.27386079428,
        "20": 1475.495484835555,
        "23": 1359.7292485749283,
        "28": 1505.2384081057403,
        "24": 1452.4598582294996,
        "55": 1471.1154449974088,
        "22": 1537.4947239949454,
        "15": 1488.445016364687,
        "6": 1540.5433722785976,
        "10": 1501.2430623883295,
        "17": 1530.9275086007858,
        "14": 1650.4617871955284,
        "13": 1487.0151100468465,
        "3": 1434.3845715196674,
        "1": 1442.4722786542602,
        "4": 1481.426674011502,
        "2": 1506.916583943519,
        "19": 1427.0900400684254,
        "9": 1482.695396002013,
        "68": 1520.227494307991,
        "26": 1454.9103983618352,
        "16": 1424.2759775228037,
        "30": 1571.127780111709,
        "52": 1445.6956242105512,
        "18": 1473.4236146471962,
        "12": 1541.3772641612225,
        "25": 1540.7873707320907,
        "29": 1474.0031541575927,
        "8": 1531.2822300252533
      },
      "home_model": {
        "7": {
          "res_sum": 1.5362763912851989,
          "n": 26
        },
        "54": {
          "res_sum": -1.43381247616179,
          "n": 27
        },
        "20": {
          "res_sum": 0.5685094160893004,
          "n": 25
        },
        "28": {
          "res_sum": -0.7505255107765862,
          "n": 26
        },
        "55": {
          "res_sum": -1.7565609592219618,
          "n": 24
        },
        "15": {
          "res_sum": -2.3887894047558684,
          "n": 29
        },
        "10": {
          "res_sum": 0.7756525557296748,
          "n": 28
        },
        "14": {
          "res_sum": -1.1223439081529802,
          "n": 22
        },
        "3": {
          "res_sum": -7.08947312656757,
          "n": 23
        },
        "4": {
          "res_sum": -2.753275450787973,
          "n": 27
        },
        "19": {
          "res_sum": -0.24691489002751166,
          "n": 27
        },
        "68": {
          "res_sum": 0.9711474446555748,
          "n": 25
        },
        "5": {
          "res_sum": -3.1000990330197293,
          "n": 26
        },
        "16": {
          "res_sum": -3.631797946850385,
          "n": 29
        },
        "23": {
          "res_sum": -5.8401362610247975,
          "n": 22
        },
        "6": {
          "res_sum": 0.9374038616469798,
          "n": 27
        },
        "26": {
          "res_sum": -4.429006461751033,
          "n": 25
        },
        "18": {
          "res_sum": 0.1355990709785576,
          "n": 26
        },
        "25": {
          "res_sum": -1.4467804054908526,
          "n": 23
        },
        "8": {
          "res_sum": -2.0877951411762847,
          "n": 25
        },
        "13": {
          "res_sum": -1.017477829967289,
          "n": 28
        },
        "17": {
          "res_sum": 1.2867294759935821,
          "n": 28
        },
        "22": {
          "res_sum": -0.25005097938586196,
          "n": 22
        },
        "12": {
          "res_sum": 0.6693131470358702,
          "n": 27
        },
        "52": {
          "res_sum": -1.3413397703378571,
          "n": 24
        },
        "21": {
          "res_sum": 2.846674530528822,
          "n": 24
        },
        "2": {
          "res_sum": -0.2080386633156679,
          "n": 24
        },
        "30": {
          "res_sum": -1.7427080190350648,
          "n": 25
        },
        "9": {
          "res_sum": -2.7797735430032633,
          "n": 24
        },
        "29": {
          "res_sum": -0.7961321956036888,
          "n": 22
        },
        "24": {
          "res_sum": 0.1806165550497617,
          "n": 24
        },
        "1": {
          "res_sum": -2.0136846648627076,
          "n": 23
        }
      }
    }
  }
}