{
  "seasons": {
    "20252026": {
      "last_built": "2026-02-04",
      "ratings": {
        "7": 1592.4603631907444,
        "5": 1555.5539417117766,
        "54": 1494.3681093334062,
        "21": 1613.9335882527516,
        "20": 1439.2080271903787,
        "23": 1348.230758835396,
        "28": 1482.8434196226337,
        "24": 1471.9795081075426,
        "55": 1510.934201457725,
        "22": 1491.4888283592236,
        "15": 1488.6923402986213,
        "6": 1539.8141213098995,
        "10": 1481.1359394945628,
        "17": 1516.9619819522338,
        "14": 1652.6464669516074,
        "13": 1481.4653719240905,
        "3": 1410.7254464974485,
        "1": 1423.2714336154286,
        "4": 1470.4251059061912,
        "2": 1495.2262676151583,
        "19": 1396.9686391596183,
        "9": 1517.9788232746432,
        "68": 1542.1874825691318,
        "26": 1463.4107223011374,
        "16": 1410.1876293272371,
        "30": 1588.9947974561164,
        "52": 1436.6343533485513,
        "18": 1462.672135451426,
        "12": 1556.3866640087892,
        "25": 1568.714888900263,
        "29": 1532.3264213951936,
        "8": 1562.172221181072
      },
      "home_model": {
        "7": {
          "res_sum": 1.1359428826313223,
          "n": 28
        },
        "54": {
          "res_sum": -1.9944191595122365,
          "n": 30
        },
        "20": {
          "res_sum": -0.3983343138807033,
          "n": 31
        },
        "28": {
          "res_sum": -0.4198664985845716,
          "n": 27
        },
        "55": {
          "res_sum": -0.6476088929832289,
          "n": 29
        },
        "15": {
          "res_sum": -1.5496684183354617,
          "n": 31
        },
        "10": {
          "res_sum": -0.9572922786963644,
          "n": 32
        },
        "14": {
          "res_sum": -0.16018780131312338,
          "n": 27
        },
        "3": {
          "res_sum": -7.032237828565566,
          "n": 25
        },
        "4": {
          "res_sum": -3.2489136415562423,
          "n": 30
        },
        "19": {
          "res_sum": -0.7775985309321918,
          "n": 31
        },
        "68": {
          "res_sum": 1.264229636039968,
          "n": 29
        },
        "5": {
          "res_sum": -3.242264027370104,
          "n": 29
        },
        "16": {
          "res_sum": -3.9579137139390888,
          "n": 33
        },
        "23": {
          "res_sum": -5.815007943362387,
          "n": 28
        },
        "6": {
          "res_sum": 2.231240994446563,
          "n": 31
        },
        "26": {
          "res_sum": -4.535727343845031,
          "n": 27
        },
        "18": {
          "res_sum": -0.28722789541575067,
          "n": 31
        },
        "25": {
          "res_sum": -0.40501479079764413,
          "n": 27
        },
        "8": {
          "res_sum": -1.2996935814686101,
          "n": 29
        },
        "13": {
          "res_sum": -2.3550918405682726,
          "n": 32
        },
        "17": {
          "res_sum": -0.2684576607546481,
          "n": 31
        },
        "22": {
          "res_sum": -1.7889084535449125,
          "n": 29
        },
        "12": {
          "res_sum": 1.1448308995265815,
          "n": 31
        },
        "52": {
          "res_sum": -2.0932830441019394,
          "n": 28
        },
        "21": {
          "res_sum": 1.0058073857651177,
          "n": 28
        },
        "2": {
          "res_sum": -0.6231058936606748,
          "n": 28
        },
        "30": {
          "res_sum": -1.5056535945850562,
          "n": 30
        },
        "9": {
          "res_sum": -1.762274232639864,
          "n": 28
        },
        "29": {
          "res_sum": 0.5943915325116884,
          "n": 27
        },
        "24": {
          "res_sum": 1.1450058192290733,
          "n": 26
        },
        "1": {
          "res_sum": -2.7436270904377085,
          "n": 26
        }
      }
    }
  }
}