{
  "seasons": {
    "20252026": {
      "last_built": "2026-01-29",
      "ratings": {
        "7": 1599.8326077449915,
        "5": 1566.1469819776387,
        "54": 1501.9410220831612,
        "21": 1610.87322797628,
        "20": 1436.9055314974955,
        "23": 1362.8031772552076,
        "28": 1511.384684763873,
        "24": 1454.74505343489,
        "55": 1502.4843807268433,
        "22": 1530.0738119222685,
        "15": 1481.9428165271322,
        "6": 1544.1008356485236,
        "10": 1449.5235394037654,
        "17": 1525.8026241454133,
        "14": 1649.558734988928,
        "13": 1495.3392258018782,
        "3": 1413.8194614394286,
        "1": 1444.995468542342,
        "4": 1465.0099575169097,
        "2": 1511.0416429419367,
        "19": 1414.044758050792,
        "9": 1505.2957649669106,
        "68": 1533.0785572075704,
        "26": 1471.5771509992733,
        "16": 1411.0843083794882,
        "30": 1567.9365695777274,
        "52": 1441.1932988666194,
        "18": 1452.9423934663141,
        "12": 1554.3730235022783,
        "25": 1556.776061041345,
        "29": 1493.3508707846688,
        "8": 1540.022456818105
      },
      "home_model": {
        "7": {
          "res_sum": 1.8036463332826678,
          "n": 27
        },
        "54": {
          "res_sum": -1.6867980328504606,
          "n": 28
        },
        "20": {
          "res_sum": -0.8859401647885837,
          "n": 28
        },
        "28": {
          "res_sum": -0.4198664985845716,
          "n": 27
        },
        "55": {
          "res_sum": -0.6476088929832289,
          "n": 29
        },
        "15": {
          "res_sum": -2.3887894047558684,
          "n": 29
        },
        "10": {
          "res_sum": -0.9572922786963644,
          "n": 32
        },
        "14": {
          "res_sum": -0.3946860738671085,
          "n": 25
        },
        "3": {
          "res_sum": -7.032237828565566,
          "n": 25
        },
        "4": {
          "res_sum": -3.343025228612556,
          "n": 28
        },
        "19": {
          "res_sum": -0.32769565526290867,
          "n": 30
        },
        "68": {
          "res_sum": 1.1845185370034652,
          "n": 26
        },
        "5": {
          "res_sum": -2.844523706538781,
          "n": 27
        },
        "16": {
          "res_sum": -4.104566420582314,
          "n": 31
        },
        "23": {
          "res_sum": -5.638964442783704,
          "n": 27
        },
        "6": {
          "res_sum": 2.231240994446563,
          "n": 31
        },
        "26": {
          "res_sum": -4.013171469795192,
          "n": 26
        },
        "18": {
          "res_sum": -0.3744221457701741,
          "n": 29
        },
        "25": {
          "res_sum": -0.752865175479491,
          "n": 25
        },
        "8": {
          "res_sum": -1.2996935814686101,
          "n": 29
        },
        "13": {
          "res_sum": -1.5616836532335259,
          "n": 29
        },
        "17": {
          "res_sum": 0.18927633681900313,
          "n": 30
        },
        "22": {
          "res_sum": -0.6238909283278339,
          "n": 27
        },
        "12": {
          "res_sum": 0.5935165893885158,
          "n": 29
        },
        "52": {
          "res_sum": -1.669738212023721,
          "n": 27
        },
        "21": {
          "res_sum": 1.469027166747423,
          "n": 26
        },
        "2": {
          "res_sum": -0.3451874650910194,
          "n": 26
        },
        "30": {
          "res_sum": -1.7460374335659488,
          "n": 29
        },
        "9": {
          "res_sum": -2.1119429236429466,
          "n": 27
        },
        "29": {
          "res_sum": 0.3140960075237168,
          "n": 26
        },
        "24": {
          "res_sum": 0.1806165550497617,
          "n": 24
        },
        "1": {
          "res_sum": -2.2872202504191455,
          "n": 25
        }
      }
    }
  }
}