{
  "seasons": {
    "20252026": {
      "last_built": "2026-01-23",
      "ratings": {
        "7": 1568.7623870288846,
        "5": 1555.9337190557717,
        "54": 1523.1063233924458,
        "21": 1634.1690134686564,
        "20": 1449.4936888822556,
        "23": 1362.3393244665237,
        "28": 1505.8886477484525,
        "24": 1472.483791478265,
        "55": 1471.5202292610277,
        "22": 1513.2377285706698,
        "15": 1491.9403605895423,
        "6": 1534.203991830613,
        "10": 1480.5847726725372,
        "17": 1533.033976022945,
        "14": 1656.7949069756532,
        "13": 1490.8224411562599,
        "3": 1421.888456899071,
        "1": 1457.4259186450533,
        "4": 1498.5588403032282,
        "2": 1493.6280183621443,
        "19": 1415.1121608873357,
        "9": 1487.670375364742,
        "68": 1523.0600234108788,
        "26": 1460.5244206554041,
        "16": 1430.3646411473812,
        "30": 1567.6015541094432,
        "52": 1450.469014962255,
        "18": 1473.3812111449404,
        "12": 1535.1873334408353,
        "25": 1548.1680096184552,
        "29": 1466.3792551105375,
        "8": 1526.2654633377915
      },
      "home_model": {
        "7": {
          "res_sum": 1.5362763912851989,
          "n": 26
        },
        "54": {
          "res_sum": -1.43381247616179,
          "n": 27
        },
        "20": {
          "res_sum": -0.4925040567060438,
          "n": 27
        },
        "28": {
          "res_sum": -0.4198664985845716,
          "n": 27
        },
        "55": {
          "res_sum": -1.8809247948166385,
          "n": 26
        },
        "15": {
          "res_sum": -2.3887894047558684,
          "n": 29
        },
        "10": {
          "res_sum": -0.17815971864841984,
          "n": 30
        },
        "14": {
          "res_sum": -0.8775798516235415,
          "n": 23
        },
        "3": {
          "res_sum": -7.08947312656757,
          "n": 23
        },
        "4": {
          "res_sum": -2.753275450787973,
          "n": 27
        },
        "19": {
          "res_sum": -0.24691489002751166,
          "n": 27
        },
        "68": {
          "res_sum": 1.1845185370034652,
          "n": 26
        },
        "5": {
          "res_sum": -3.1000990330197293,
          "n": 26
        },
        "16": {
          "res_sum": -3.6397124199832933,
          "n": 30
        },
        "23": {
          "res_sum": -5.634297571364845,
          "n": 24
        },
        "6": {
          "res_sum": 1.332276253728468,
          "n": 28
        },
        "26": {
          "res_sum": -4.013171469795192,
          "n": 26
        },
        "18": {
          "res_sum": 0.13390516724084456,
          "n": 28
        },
        "25": {
          "res_sum": -0.752865175479491,
          "n": 25
        },
        "8": {
          "res_sum": -2.141842083157986,
          "n": 27
        },
        "13": {
          "res_sum": -1.017477829967289,
          "n": 28
        },
        "17": {
          "res_sum": 1.2867294759935821,
          "n": 28
        },
        "22": {
          "res_sum": -1.5079631842454797,
          "n": 24
        },
        "12": {
          "res_sum": 0.1873915806425832,
          "n": 28
        },
        "52": {
          "res_sum": -1.2156393978503655,
          "n": 26
        },
        "21": {
          "res_sum": 1.469027166747423,
          "n": 26
        },
        "2": {
          "res_sum": -0.2080386633156679,
          "n": 24
        },
        "30": {
          "res_sum": -1.501209559799479,
          "n": 26
        },
        "9": {
          "res_sum": -2.7797735430032633,
          "n": 24
        },
        "29": {
          "res_sum": -0.7948991076782613,
          "n": 24
        },
        "24": {
          "res_sum": 0.1806165550497617,
          "n": 24
        },
        "1": {
          "res_sum": -2.0136846648627076,
          "n": 23
        }
      }
    }
  }
}