{
  "seasons": {
    "20252026": {
      "last_built": "2026-01-16",
      "ratings": {
        "7": 1558.749939152356,
        "5": 1517.142633635495,
        "54": 1511.146663820073,
        "21": 1655.9308401570895,
        "20": 1471.6776853810684,
        "23": 1373.4025849071897,
        "28": 1489.2125833490804,
        "24": 1439.2569894177645,
        "55": 1496.532112895488,
        "22": 1520.706939879092,
        "15": 1509.9500185062507,
        "6": 1529.5050841524728,
        "10": 1510.842374180479,
        "17": 1528.1729751220364,
        "14": 1638.1423528185385,
        "13": 1486.8789532991332,
        "3": 1426.1677921388273,
        "1": 1448.6113098742903,
        "4": 1490.2152999210598,
        "2": 1512.6413808549105,
        "19": 1434.872514263912,
        "9": 1490.4748702545805,
        "68": 1509.4675088946383,
        "26": 1459.043308000232,
        "16": 1424.2501232901388,
        "30": 1550.5954039498254,
        "52": 1461.6463012987265,
        "18": 1483.8603746334252,
        "12": 1522.6011617684987,
        "25": 1553.1068051090806,
        "29": 1468.9378258228116,
        "8": 1526.2572892514352
      },
      "home_model": {
        "7": {
          "res_sum": 1.9864275092949897,
          "n": 25
        },
        "54": {
          "res_sum": -1.182477133712141,
          "n": 25
        },
        "20": {
          "res_sum": 0.5889739334808124,
          "n": 23
        },
        "28": {
          "res_sum": -0.7505255107765862,
          "n": 26
        },
        "55": {
          "res_sum": -1.2221839726614327,
          "n": 23
        },
        "15": {
          "res_sum": -1.7868299036520914,
          "n": 28
        },
        "10": {
          "res_sum": 1.302564343829789,
          "n": 27
        },
        "14": {
          "res_sum": -1.1223439081529802,
          "n": 22
        },
        "3": {
          "res_sum": -7.08947312656757,
          "n": 23
        },
        "4": {
          "res_sum": -2.098212020626246,
          "n": 26
        },
        "19": {
          "res_sum": -0.24691489002751166,
          "n": 27
        },
        "68": {
          "res_sum": 0.5706955520029557,
          "n": 24
        },
        "5": {
          "res_sum": -2.719252565554736,
          "n": 25
        },
        "16": {
          "res_sum": -3.726406203276173,
          "n": 27
        },
        "23": {
          "res_sum": -5.14565873411826,
          "n": 20
        },
        "6": {
          "res_sum": 0.9374038616469798,
          "n": 27
        },
        "26": {
          "res_sum": -4.429006461751033,
          "n": 25
        },
        "18": {
          "res_sum": 0.1355990709785576,
          "n": 26
        },
        "25": {
          "res_sum": -0.9955802114443035,
          "n": 22
        },
        "8": {
          "res_sum": -2.0877951411762847,
          "n": 25
        },
        "13": {
          "res_sum": -0.4217790094461663,
          "n": 27
        },
        "17": {
          "res_sum": 1.0788593744511088,
          "n": 27
        },
        "22": {
          "res_sum": -0.5495744747584872,
          "n": 21
        },
        "12": {
          "res_sum": 0.22439074910404344,
          "n": 26
        },
        "52": {
          "res_sum": -0.9885389724635447,
          "n": 23
        },
        "21": {
          "res_sum": 2.6340447932714346,
          "n": 23
        },
        "2": {
          "res_sum": -0.2080386633156679,
          "n": 24
        },
        "30": {
          "res_sum": -1.7427080190350648,
          "n": 25
        },
        "9": {
          "res_sum": -2.415687598425907,
          "n": 23
        },
        "29": {
          "res_sum": -0.7961321956036888,
          "n": 22
        },
        "24": {
          "res_sum": -0.5449082401262282,
          "n": 22
        },
        "1": {
          "res_sum": -1.5498716552501284,
          "n": 22
        }
      }
    }
  }
}