{
  "seasons": {
    "20252026": {
      "last_built": "2026-02-08",
      "ratings": {
        "7": 1575.6013862342916,
        "5": 1572.4129186682294,
        "54": 1504.746264210091,
        "21": 1613.9335882527516,
        "20": 1439.2080271903787,
        "23": 1348.230758835396,
        "28": 1482.8434196226337,
        "24": 1471.9795081075426,
        "55": 1510.934201457725,
        "22": 1491.4888283592236,
        "15": 1497.0263608933426,
        "6": 1539.8141213098995,
        "10": 1481.1359394945628,
        "17": 1516.9619819522338,
        "14": 1658.0374838485764,
        "13": 1476.0743550271216,
        "3": 1403.6746950079091,
        "1": 1413.2577881826694,
        "4": 1465.6479211513895,
        "2": 1505.2399130479175,
        "19": 1396.9686391596183,
        "9": 1522.756008029445,
        "68": 1542.1874825691318,
        "26": 1453.0325674244525,
        "16": 1410.1876293272371,
        "30": 1588.9947974561164,
        "52": 1436.6343533485513,
        "18": 1454.3381148567046,
        "12": 1563.4374154983286,
        "25": 1568.714888900263,
        "29": 1532.3264213951936,
        "8": 1562.172221181072
      },
      "home_model": {
        "7": {
          "res_sum": 0.5013897132219558,
          "n": 29
        },
        "54": {
          "res_sum": -1.6066124833583042,
          "n": 31
        },
        "20": {
          "res_sum": -0.3983343138807033,
          "n": 31
        },
        "28": {
          "res_sum": -0.4198664985845716,
          "n": 27
        },
        "55": {
          "res_sum": -0.6476088929832289,
          "n": 29
        },
        "15": {
          "res_sum": -1.1572746719440403,
          "n": 32
        },
        "10": {
          "res_sum": -0.9572922786963644,
          "n": 32
        },
        "14": {
          "res_sum": 0.05419197315065427,
          "n": 28
        },
        "3": {
          "res_sum": -7.370171924883914,
          "n": 26
        },
        "4": {
          "res_sum": -3.594044649004963,
          "n": 31
        },
        "19": {
          "res_sum": -0.7775985309321918,
          "n": 31
        },
        "68": {
          "res_sum": 1.264229636039968,
          "n": 29
        },
        "5": {
          "res_sum": -3.242264027370104,
          "n": 29
        },
        "16": {
          "res_sum": -3.9579137139390888,
          "n": 33
        },
        "23": {
          "res_sum": -5.815007943362387,
          "n": 28
        },
        "6": {
          "res_sum": 2.231240994446563,
          "n": 31
        },
        "26": {
          "res_sum": -4.535727343845031,
          "n": 27
        },
        "18": {
          "res_sum": -0.28722789541575067,
          "n": 31
        },
        "25": {
          "res_sum": -0.40501479079764413,
          "n": 27
        },
        "8": {
          "res_sum": -1.2996935814686101,
          "n": 29
        },
        "13": {
          "res_sum": -2.3550918405682726,
          "n": 32
        },
        "17": {
          "res_sum": -0.2684576607546481,
          "n": 31
        },
        "22": {
          "res_sum": -1.7889084535449125,
          "n": 29
        },
        "12": {
          "res_sum": 1.1448308995265815,
          "n": 31
        },
        "52": {
          "res_sum": -2.0932830441019394,
          "n": 28
        },
        "21": {
          "res_sum": 1.0058073857651177,
          "n": 28
        },
        "2": {
          "res_sum": -0.6231058936606748,
          "n": 28
        },
        "30": {
          "res_sum": -1.5056535945850562,
          "n": 30
        },
        "9": {
          "res_sum": -1.762274232639864,
          "n": 28
        },
        "29": {
          "res_sum": 0.5943915325116884,
          "n": 27
        },
        "24": {
          "res_sum": 1.1450058192290733,
          "n": 26
        },
        "1": {
          "res_sum": -3.204946757780147,
          "n": 27
        }
      }
    }
  }
}