{
  "seasons": {
    "20252026": {
      "last_built": "2026-01-14",
      "ratings": {
        "7": 1550.448973578821,
        "5": 1505.3669496179052,
        "54": 1507.1995568691686,
        "21": 1676.4578026485124,
        "20": 1460.192966622266,
        "23": 1381.8450842760835,
        "28": 1489.2139187245778,
        "24": 1434.5861708469768,
        "55": 1504.9607989768724,
        "22": 1528.9045722963033,
        "15": 1518.1481357916482,
        "6": 1521.0763980710883,
        "10": 1514.7894811313834,
        "17": 1519.9735224611416,
        "14": 1644.19209211201,
        "13": 1497.7108736742016,
        "3": 1426.1677921388273,
        "1": 1448.6113098742903,
        "4": 1501.9909839386496,
        "2": 1504.4437484376992,
        "19": 1428.8227749704406,
        "9": 1490.4748702545805,
        "68": 1502.4971514661056,
        "26": 1463.7141265710197,
        "16": 1435.7348420489411,
        "30": 1569.4681061906422,
        "52": 1442.7735990579097,
        "18": 1463.3334121420023,
        "12": 1511.7692413934303,
        "25": 1560.0771625376133,
        "29": 1460.4953264539179,
        "8": 1534.5582548249702
      },
      "home_model": {
        "7": {
          "res_sum": 1.5954169319867266,
          "n": 24
        },
        "54": {
          "res_sum": -1.472610479912043,
          "n": 24
        },
        "20": {
          "res_sum": 0.5889739334808124,
          "n": 23
        },
        "28": {
          "res_sum": -0.7505255107765862,
          "n": 26
        },
        "55": {
          "res_sum": -1.2221839726614327,
          "n": 23
        },
        "15": {
          "res_sum": -1.1740209474397316,
          "n": 27
        },
        "10": {
          "res_sum": 1.302564343829789,
          "n": 27
        },
        "14": {
          "res_sum": -1.1223439081529802,
          "n": 22
        },
        "3": {
          "res_sum": -7.08947312656757,
          "n": 23
        },
        "4": {
          "res_sum": -2.098212020626246,
          "n": 26
        },
        "19": {
          "res_sum": -0.7156387175495451,
          "n": 26
        },
        "68": {
          "res_sum": 0.06736097037916255,
          "n": 23
        },
        "5": {
          "res_sum": -3.1529214896556255,
          "n": 24
        },
        "16": {
          "res_sum": -3.199221745208688,
          "n": 26
        },
        "23": {
          "res_sum": -5.14565873411826,
          "n": 20
        },
        "6": {
          "res_sum": 0.5410545962530872,
          "n": 26
        },
        "26": {
          "res_sum": -4.081575285284636,
          "n": 24
        },
        "18": {
          "res_sum": 0.1355990709785576,
          "n": 26
        },
        "25": {
          "res_sum": -0.9955802114443035,
          "n": 22
        },
        "8": {
          "res_sum": -2.0877951411762847,
          "n": 25
        },
        "13": {
          "res_sum": -0.4217790094461663,
          "n": 27
        },
        "17": {
          "res_sum": 0.6921029996788042,
          "n": 26
        },
        "22": {
          "res_sum": 0.06318935787219615,
          "n": 20
        },
        "12": {
          "res_sum": -0.17843377021176687,
          "n": 25
        },
        "52": {
          "res_sum": -0.9885389724635447,
          "n": 23
        },
        "21": {
          "res_sum": 3.4692988819127604,
          "n": 22
        },
        "2": {
          "res_sum": -0.2080386633156679,
          "n": 24
        },
        "30": {
          "res_sum": -1.0069890793785328,
          "n": 24
        },
        "9": {
          "res_sum": -2.415687598425907,
          "n": 23
        },
        "29": {
          "res_sum": -1.1184942159952462,
          "n": 21
        },
        "24": {
          "res_sum": -0.5449082401262282,
          "n": 22
        },
        "1": {
          "res_sum": -1.5498716552501284,
          "n": 22
        }
      }
    }
  }
}