{
  "seasons": {
    "20252026": {
      "last_built": "2026-02-02",
      "ratings": {
        "7": 1595.0835223509762,
        "5": 1560.7445088069144,
        "54": 1487.6571975518805,
        "21": 1608.5643389692611,
        "20": 1432.0314305162542,
        "23": 1354.9416706169218,
        "28": 1488.2126689061242,
        "24": 1461.3048907641048,
        "55": 1510.2083679289092,
        "22": 1515.7133392917624,
        "15": 1499.5991829072898,
        "6": 1543.636262846076,
        "10": 1464.0880252361485,
        "17": 1528.1115131524323,
        "14": 1650.0233077913756,
        "13": 1477.643230387914,
        "3": 1410.7254464974485,
        "1": 1435.7534172526678,
        "4": 1459.5182632975227,
        "2": 1490.0357005200206,
        "19": 1399.7545998225257,
        "9": 1523.0343043692892,
        "68": 1531.0379513689334,
        "26": 1474.8111731733911,
        "16": 1417.4205012285124,
        "30": 1585.5161769650638,
        "52": 1448.0984807601483,
        "18": 1466.1507559424786,
        "12": 1551.3311829141433,
        "25": 1565.9289282373556,
        "29": 1512.6115658566791,
        "8": 1550.708093769475
      },
      "home_model": {
        "7": {
          "res_sum": 1.1359428826313223,
          "n": 28
        },
        "54": {
          "res_sum": -2.256271625217317,
          "n": 29
        },
        "20": {
          "res_sum": -0.9194751365338137,
          "n": 30
        },
        "28": {
          "res_sum": -0.4198664985845716,
          "n": 27
        },
        "55": {
          "res_sum": -0.6476088929832289,
          "n": 29
        },
        "15": {
          "res_sum": -1.5496684183354617,
          "n": 31
        },
        "10": {
          "res_sum": -0.9572922786963644,
          "n": 32
        },
        "14": {
          "res_sum": -0.3587524005900581,
          "n": 26
        },
        "3": {
          "res_sum": -7.032237828565566,
          "n": 25
        },
        "4": {
          "res_sum": -3.7457944857164183,
          "n": 29
        },
        "19": {
          "res_sum": -0.7775985309321918,
          "n": 31
        },
        "68": {
          "res_sum": 0.8509659928020831,
          "n": 28
        },
        "5": {
          "res_sum": -3.242264027370104,
          "n": 29
        },
        "16": {
          "res_sum": -3.9579137139390888,
          "n": 33
        },
        "23": {
          "res_sum": -5.815007943362387,
          "n": 28
        },
        "6": {
          "res_sum": 2.231240994446563,
          "n": 31
        },
        "26": {
          "res_sum": -4.013171469795192,
          "n": 26
        },
        "18": {
          "res_sum": -0.028946019042133786,
          "n": 30
        },
        "25": {
          "res_sum": -0.6259751706288612,
          "n": 26
        },
        "8": {
          "res_sum": -1.2996935814686101,
          "n": 29
        },
        "13": {
          "res_sum": -2.6332563159591493,
          "n": 31
        },
        "17": {
          "res_sum": -0.2684576607546481,
          "n": 31
        },
        "22": {
          "res_sum": -1.145347856400245,
          "n": 28
        },
        "12": {
          "res_sum": 0.7659243837365972,
          "n": 30
        },
        "52": {
          "res_sum": -1.669738212023721,
          "n": 27
        },
        "21": {
          "res_sum": 0.7416722168425235,
          "n": 27
        },
        "2": {
          "res_sum": -1.000805273291423,
          "n": 27
        },
        "30": {
          "res_sum": -1.5056535945850562,
          "n": 30
        },
        "9": {
          "res_sum": -1.762274232639864,
          "n": 28
        },
        "29": {
          "res_sum": 0.3140960075237168,
          "n": 26
        },
        "24": {
          "res_sum": 0.657296668777796,
          "n": 25
        },
        "1": {
          "res_sum": -2.2872202504191455,
          "n": 25
        }
      }
    }
  }
}