{
  "seasons": {
    "20252026": {
      "last_built": "2026-01-22",
      "ratings": {
        "7": 1568.7623870288846,
        "5": 1555.9337190557717,
        "54": 1507.7897176604158,
        "21": 1654.1337088632704,
        "20": 1461.43562980022,
        "23": 1368.1758452680376,
        "28": 1499.006555421425,
        "24": 1459.600010160509,
        "55": 1484.4040105787835,
        "22": 1513.2377285706698,
        "15": 1479.9984196715777,
        "6": 1534.203991830613,
        "10": 1495.9013784045671,
        "17": 1533.033976022945,
        "14": 1656.6936398798437,
        "13": 1490.8224411562599,
        "3": 1428.7705492260984,
        "1": 1451.5893978435395,
        "4": 1478.5941449086142,
        "2": 1493.6280183621443,
        "19": 1418.5093182073083,
        "9": 1487.670375364742,
        "68": 1523.0600234108788,
        "26": 1460.5244206554041,
        "16": 1430.4659082431908,
        "30": 1567.6015541094432,
        "52": 1450.469014962255,
        "18": 1473.3812111449404,
        "12": 1535.1873334408353,
        "25": 1544.7708522984826,
        "29": 1466.3792551105375,
        "8": 1526.2654633377915
      },
      "home_model": {
        "7": {
          "res_sum": 1.5362763912851989,
          "n": 26
        },
        "54": {
          "res_sum": -1.43381247616179,
          "n": 27
        },
        "20": {
          "res_sum": 0.060052711106959866,
          "n": 26
        },
        "28": {
          "res_sum": -0.7505255107765862,
          "n": 26
        },
        "55": {
          "res_sum": -1.2745524961884727,
          "n": 25
        },
        "15": {
          "res_sum": -2.3887894047558684,
          "n": 29
        },
        "10": {
          "res_sum": 0.38542505975685826,
          "n": 29
        },
        "14": {
          "res_sum": -0.8775798516235415,
          "n": 23
        },
        "3": {
          "res_sum": -7.08947312656757,
          "n": 23
        },
        "4": {
          "res_sum": -2.753275450787973,
          "n": 27
        },
        "19": {
          "res_sum": -0.24691489002751166,
          "n": 27
        },
        "68": {
          "res_sum": 1.1845185370034652,
          "n": 26
        },
        "5": {
          "res_sum": -3.1000990330197293,
          "n": 26
        },
        "16": {
          "res_sum": -3.631797946850385,
          "n": 29
        },
        "23": {
          "res_sum": -5.203957678756534,
          "n": 23
        },
        "6": {
          "res_sum": 1.332276253728468,
          "n": 28
        },
        "26": {
          "res_sum": -4.013171469795192,
          "n": 26
        },
        "18": {
          "res_sum": 0.13390516724084456,
          "n": 28
        },
        "25": {
          "res_sum": -1.0176767598213332,
          "n": 24
        },
        "8": {
          "res_sum": -2.141842083157986,
          "n": 27
        },
        "13": {
          "res_sum": -1.017477829967289,
          "n": 28
        },
        "17": {
          "res_sum": 1.2867294759935821,
          "n": 28
        },
        "22": {
          "res_sum": -1.5079631842454797,
          "n": 24
        },
        "12": {
          "res_sum": 0.1873915806425832,
          "n": 28
        },
        "52": {
          "res_sum": -1.2156393978503655,
          "n": 26
        },
        "21": {
          "res_sum": 2.267319760966638,
          "n": 25
        },
        "2": {
          "res_sum": -0.2080386633156679,
          "n": 24
        },
        "30": {
          "res_sum": -1.501209559799479,
          "n": 26
        },
        "9": {
          "res_sum": -2.7797735430032633,
          "n": 24
        },
        "29": {
          "res_sum": -0.7948991076782613,
          "n": 24
        },
        "24": {
          "res_sum": 0.1806165550497617,
          "n": 24
        },
        "1": {
          "res_sum": -2.0136846648627076,
          "n": 23
        }
      }
    }
  }
}