{
  "seasons": {
    "20252026": {
      "last_built": "2026-01-28",
      "ratings": {
        "7": 1592.9660797466795,
        "5": 1559.6125558515714,
        "54": 1505.444842484274,
        "21": 1626.4773937460332,
        "20": 1444.1135052777981,
        "23": 1349.665894842356,
        "28": 1514.8832405768205,
        "24": 1467.8823358477416,
        "55": 1492.2986275851567,
        "22": 1526.5752561093211,
        "15": 1476.5957437834547,
        "6": 1535.4388243090302,
        "10": 1459.709292545452,
        "17": 1531.1496968890908,
        "14": 1644.82675423431,
        "13": 1503.0011658738558,
        "3": 1419.497534014569,
        "1": 1440.770116842776,
        "4": 1473.671968856403,
        "2": 1505.3635703667962,
        "19": 1406.3828179788145,
        "9": 1505.2957649669106,
        "68": 1538.5446280908718,
        "26": 1478.4436789975853,
        "16": 1417.6187345055555,
        "30": 1560.7285957974248,
        "52": 1445.9252796212375,
        "18": 1457.1677451658802,
        "12": 1548.906952618977,
        "25": 1553.2722406402322,
        "29": 1493.3508707846688,
        "8": 1524.4182910483519
      },
      "home_model": {
        "7": {
          "res_sum": 1.5362763912851989,
          "n": 26
        },
        "54": {
          "res_sum": -1.43381247616179,
          "n": 27
        },
        "20": {
          "res_sum": -0.8859401647885837,
          "n": 28
        },
        "28": {
          "res_sum": -0.4198664985845716,
          "n": 27
        },
        "55": {
          "res_sum": -1.0290109632213738,
          "n": 28
        },
        "15": {
          "res_sum": -2.3887894047558684,
          "n": 29
        },
        "10": {
          "res_sum": -0.9572922786963644,
          "n": 32
        },
        "14": {
          "res_sum": -0.5848803506633808,
          "n": 24
        },
        "3": {
          "res_sum": -6.612215317368955,
          "n": 24
        },
        "4": {
          "res_sum": -3.343025228612556,
          "n": 28
        },
        "19": {
          "res_sum": -0.8916058457541078,
          "n": 29
        },
        "68": {
          "res_sum": 1.1845185370034652,
          "n": 26
        },
        "5": {
          "res_sum": -3.1000990330197293,
          "n": 26
        },
        "16": {
          "res_sum": -4.104566420582314,
          "n": 31
        },
        "23": {
          "res_sum": -6.260235341017877,
          "n": 26
        },
        "6": {
          "res_sum": 1.9013432153292447,
          "n": 30
        },
        "26": {
          "res_sum": -4.013171469795192,
          "n": 26
        },
        "18": {
          "res_sum": -0.3744221457701741,
          "n": 29
        },
        "25": {
          "res_sum": -0.752865175479491,
          "n": 25
        },
        "8": {
          "res_sum": -1.876202951738412,
          "n": 28
        },
        "13": {
          "res_sum": -1.5616836532335259,
          "n": 29
        },
        "17": {
          "res_sum": 0.5945482414992248,
          "n": 29
        },
        "22": {
          "res_sum": -0.8835402342125422,
          "n": 26
        },
        "12": {
          "res_sum": 0.1873915806425832,
          "n": 28
        },
        "52": {
          "res_sum": -1.669738212023721,
          "n": 27
        },
        "21": {
          "res_sum": 1.469027166747423,
          "n": 26
        },
        "2": {
          "res_sum": -0.3451874650910194,
          "n": 26
        },
        "30": {
          "res_sum": -2.0254572765323653,
          "n": 28
        },
        "9": {
          "res_sum": -2.1119429236429466,
          "n": 27
        },
        "29": {
          "res_sum": 0.3140960075237168,
          "n": 26
        },
        "24": {
          "res_sum": 0.1806165550497617,
          "n": 24
        },
        "1": {
          "res_sum": -2.595992916656411,
          "n": 24
        }
      }
    }
  }
}