{
  "seasons": {
    "20252026": {
      "last_built": "2026-01-31",
      "ratings": {
        "7": 1585.9278360367912,
        "5": 1569.2409969196187,
        "54": 1494.2170348810953,
        "21": 1623.396723832499,
        "20": 1444.2115438614746,
        "23": 1360.418804768045,
        "28": 1504.078672399894,
        "24": 1454.74505343489,
        "55": 1510.2083679289092,
        "22": 1515.7133392917624,
        "15": 1487.2423291605364,
        "6": 1544.1008356485236,
        "10": 1451.907911890928,
        "17": 1513.2791282891944,
        "14": 1649.558734988928,
        "13": 1486.798916702099,
        "3": 1410.7254464974485,
        "1": 1435.7534172526678,
        "4": 1459.5182632975227,
        "2": 1502.392554266774,
        "19": 1404.3138736235273,
        "9": 1514.5378162565848,
        "68": 1525.5608172178102,
        "26": 1477.0688452186603,
        "16": 1401.5544977347427,
        "30": 1582.2970422082335,
        "52": 1449.7336079663987,
        "18": 1461.591482141477,
        "12": 1549.073510868874,
        "25": 1564.2938010311052,
        "29": 1512.6115658566791,
        "8": 1553.9272285263053
      },
      "home_model": {
        "7": {
          "res_sum": 1.1359428826313223,
          "n": 28
        },
        "54": {
          "res_sum": -2.256271625217317,
          "n": 29
        },
        "20": {
          "res_sum": -0.3535182867748018,
          "n": 29
        },
        "28": {
          "res_sum": -0.4198664985845716,
          "n": 27
        },
        "55": {
          "res_sum": -0.6476088929832289,
          "n": 29
        },
        "15": {
          "res_sum": -2.0020685957037587,
          "n": 30
        },
        "10": {
          "res_sum": -0.9572922786963644,
          "n": 32
        },
        "14": {
          "res_sum": -0.3946860738671085,
          "n": 25
        },
        "3": {
          "res_sum": -7.032237828565566,
          "n": 25
        },
        "4": {
          "res_sum": -3.7457944857164183,
          "n": 29
        },
        "19": {
          "res_sum": -0.7775985309321918,
          "n": 31
        },
        "68": {
          "res_sum": 0.6334505591029286,
          "n": 27
        },
        "5": {
          "res_sum": -2.60133073873638,
          "n": 28
        },
        "16": {
          "res_sum": -4.5463045545395575,
          "n": 32
        },
        "23": {
          "res_sum": -5.815007943362387,
          "n": 28
        },
        "6": {
          "res_sum": 2.231240994446563,
          "n": 31
        },
        "26": {
          "res_sum": -4.013171469795192,
          "n": 26
        },
        "18": {
          "res_sum": -0.3744221457701741,
          "n": 29
        },
        "25": {
          "res_sum": -0.752865175479491,
          "n": 25
        },
        "8": {
          "res_sum": -1.2996935814686101,
          "n": 29
        },
        "13": {
          "res_sum": -2.206811513594382,
          "n": 30
        },
        "17": {
          "res_sum": -0.2684576607546481,
          "n": 31
        },
        "22": {
          "res_sum": -1.145347856400245,
          "n": 28
        },
        "12": {
          "res_sum": 0.5935165893885158,
          "n": 29
        },
        "52": {
          "res_sum": -1.669738212023721,
          "n": 27
        },
        "21": {
          "res_sum": 1.469027166747423,
          "n": 26
        },
        "2": {
          "res_sum": -1.000805273291423,
          "n": 27
        },
        "30": {
          "res_sum": -1.7460374335659488,
          "n": 29
        },
        "9": {
          "res_sum": -1.762274232639864,
          "n": 28
        },
        "29": {
          "res_sum": 0.3140960075237168,
          "n": 26
        },
        "24": {
          "res_sum": 0.1806165550497617,
          "n": 24
        },
        "1": {
          "res_sum": -2.2872202504191455,
          "n": 25
        }
      }
    }
  }
}