{
  "seasons": {
    "20252026": {
      "last_built": "2026-01-18",
      "ratings": {
        "7": 1552.7034095120077,
        "5": 1512.077305300714,
        "54": 1521.5834238063019,
        "21": 1655.9308401570895,
        "20": 1482.0705087043546,
        "23": 1364.397274986823,
        "28": 1489.2125833490804,
        "24": 1443.3898990561613,
        "55": 1485.7721274821351,
        "22": 1537.4947239949454,
        "15": 1493.7880370018775,
        "6": 1540.5433722785976,
        "10": 1515.7289089098647,
        "17": 1530.9275086007858,
        "14": 1650.4617871955284,
        "13": 1503.0409348035064,
        "3": 1443.4545306930056,
        "1": 1435.8972547854607,
        "4": 1472.9285613668815,
        "2": 1502.2485575316243,
        "19": 1427.0900400684254,
        "9": 1482.695396002013,
        "68": 1520.227494307991,
        "26": 1454.9103983618352,
        "16": 1413.211835164014,
        "30": 1556.6419335901737,
        "52": 1456.7597665693409,
        "18": 1473.4236146471962,
        "12": 1535.3152168573283,
        "25": 1540.7873707320907,
        "29": 1474.0031541575927,
        "8": 1531.2822300252533
      },
      "home_model": {
        "7": {
          "res_sum": 1.5362763912851989,
          "n": 26
        },
        "54": {
          "res_sum": -0.7927239964190186,
          "n": 26
        },
        "20": {
          "res_sum": 1.0654836591285857,
          "n": 24
        },
        "28": {
          "res_sum": -0.7505255107765862,
          "n": 26
        },
        "55": {
          "res_sum": -1.2221839726614327,
          "n": 23
        },
        "15": {
          "res_sum": -2.3887894047558684,
          "n": 29
        },
        "10": {
          "res_sum": 1.302564343829789,
          "n": 27
        },
        "14": {
          "res_sum": -1.1223439081529802,
          "n": 22
        },
        "3": {
          "res_sum": -7.08947312656757,
          "n": 23
        },
        "4": {
          "res_sum": -2.753275450787973,
          "n": 27
        },
        "19": {
          "res_sum": -0.24691489002751166,
          "n": 27
        },
        "68": {
          "res_sum": 0.9711474446555748,
          "n": 25
        },
        "5": {
          "res_sum": -3.1000990330197293,
          "n": 26
        },
        "16": {
          "res_sum": -4.136020340127628,
          "n": 28
        },
        "23": {
          "res_sum": -5.487282683035153,
          "n": 21
        },
        "6": {
          "res_sum": 0.9374038616469798,
          "n": 27
        },
        "26": {
          "res_sum": -4.429006461751033,
          "n": 25
        },
        "18": {
          "res_sum": 0.1355990709785576,
          "n": 26
        },
        "25": {
          "res_sum": -1.4467804054908526,
          "n": 23
        },
        "8": {
          "res_sum": -2.0877951411762847,
          "n": 25
        },
        "13": {
          "res_sum": -0.4217790094461663,
          "n": 27
        },
        "17": {
          "res_sum": 1.2867294759935821,
          "n": 28
        },
        "22": {
          "res_sum": -0.25005097938586196,
          "n": 22
        },
        "12": {
          "res_sum": 0.22439074910404344,
          "n": 26
        },
        "52": {
          "res_sum": -1.3413397703378571,
          "n": 24
        },
        "21": {
          "res_sum": 2.6340447932714346,
          "n": 23
        },
        "2": {
          "res_sum": -0.2080386633156679,
          "n": 24
        },
        "30": {
          "res_sum": -1.7427080190350648,
          "n": 25
        },
        "9": {
          "res_sum": -2.7797735430032633,
          "n": 24
        },
        "29": {
          "res_sum": -0.7961321956036888,
          "n": 22
        },
        "24": {
          "res_sum": -0.24230531798385413,
          "n": 23
        },
        "1": {
          "res_sum": -2.0136846648627076,
          "n": 23
        }
      }
    }
  }
}