{
  "seasons": {
    "20252026": {
      "last_built": "2026-01-24",
      "ratings": {
        "7": 1581.66857332267,
        "5": 1555.9337190557717,
        "54": 1523.1063233924458,
        "21": 1634.1690134686564,
        "20": 1449.4936888822556,
        "23": 1362.3393244665237,
        "28": 1505.8886477484525,
        "24": 1472.483791478265,
        "55": 1471.5202292610277,
        "22": 1516.5936168743403,
        "15": 1488.5844722858717,
        "6": 1539.6372296736133,
        "10": 1480.5847726725372,
        "17": 1545.4438433445277,
        "14": 1638.8143684784895,
        "13": 1497.694550495054,
        "3": 1421.888456899071,
        "1": 1457.4259186450533,
        "4": 1498.5588403032282,
        "2": 1480.721832068359,
        "19": 1411.4870490005915,
        "9": 1473.9507561866005,
        "68": 1537.1168736104441,
        "26": 1464.1495325421483,
        "16": 1430.3646411473812,
        "30": 1560.729444770649,
        "52": 1438.059147640672,
        "18": 1459.324360945375,
        "12": 1548.906952618977,
        "25": 1548.1680096184552,
        "29": 1484.3597936077012,
        "8": 1520.8322254947911
      },
      "home_model": {
        "7": {
          "res_sum": 1.5362763912851989,
          "n": 26
        },
        "54": {
          "res_sum": -1.43381247616179,
          "n": 27
        },
        "20": {
          "res_sum": -0.4925040567060438,
          "n": 27
        },
        "28": {
          "res_sum": -0.4198664985845716,
          "n": 27
        },
        "55": {
          "res_sum": -1.8809247948166385,
          "n": 26
        },
        "15": {
          "res_sum": -2.3887894047558684,
          "n": 29
        },
        "10": {
          "res_sum": -0.17815971864841984,
          "n": 30
        },
        "14": {
          "res_sum": -0.8775798516235415,
          "n": 23
        },
        "3": {
          "res_sum": -7.08947312656757,
          "n": 23
        },
        "4": {
          "res_sum": -2.753275450787973,
          "n": 27
        },
        "19": {
          "res_sum": -0.5094467043923719,
          "n": 28
        },
        "68": {
          "res_sum": 1.1845185370034652,
          "n": 26
        },
        "5": {
          "res_sum": -3.1000990330197293,
          "n": 26
        },
        "16": {
          "res_sum": -3.6397124199832933,
          "n": 30
        },
        "23": {
          "res_sum": -5.634297571364845,
          "n": 24
        },
        "6": {
          "res_sum": 1.7362394196129796,
          "n": 29
        },
        "26": {
          "res_sum": -4.013171469795192,
          "n": 26
        },
        "18": {
          "res_sum": -0.3744221457701741,
          "n": 29
        },
        "25": {
          "res_sum": -0.752865175479491,
          "n": 25
        },
        "8": {
          "res_sum": -2.141842083157986,
          "n": 27
        },
        "13": {
          "res_sum": -1.017477829967289,
          "n": 28
        },
        "17": {
          "res_sum": 1.2867294759935821,
          "n": 28
        },
        "22": {
          "res_sum": -1.2581237687252789,
          "n": 25
        },
        "12": {
          "res_sum": 0.1873915806425832,
          "n": 28
        },
        "52": {
          "res_sum": -1.669738212023721,
          "n": 27
        },
        "21": {
          "res_sum": 1.469027166747423,
          "n": 26
        },
        "2": {
          "res_sum": -0.6779588050369223,
          "n": 25
        },
        "30": {
          "res_sum": -2.025390721773375,
          "n": 27
        },
        "9": {
          "res_sum": -3.2753029462710406,
          "n": 25
        },
        "29": {
          "res_sum": -0.10557811429687958,
          "n": 25
        },
        "24": {
          "res_sum": 0.1806165550497617,
          "n": 24
        },
        "1": {
          "res_sum": -2.0136846648627076,
          "n": 23
        }
      }
    }
  }
}