{
  "seasons": {
    "20252026": {
      "last_built": "2026-02-03",
      "ratings": {
        "7": 1592.4603631907444,
        "5": 1555.5539417117766,
        "54": 1487.6571975518805,
        "21": 1608.5643389692611,
        "20": 1432.0314305162542,
        "23": 1354.9416706169218,
        "28": 1488.2126689061242,
        "24": 1471.9795081075426,
        "55": 1499.5337505854714,
        "22": 1498.6654250333481,
        "15": 1488.6923402986213,
        "6": 1543.636262846076,
        "10": 1481.1359394945628,
        "17": 1528.1115131524323,
        "14": 1652.6464669516074,
        "13": 1477.643230387914,
        "3": 1410.7254464974485,
        "1": 1423.2714336154286,
        "4": 1470.4251059061912,
        "2": 1495.2262676151583,
        "19": 1399.7545998225257,
        "9": 1517.9788232746432,
        "68": 1531.0379513689334,
        "26": 1474.8111731733911,
        "16": 1417.4205012285124,
        "30": 1585.5161769650638,
        "52": 1448.0984807601483,
        "18": 1466.1507559424786,
        "12": 1556.3866640087892,
        "25": 1565.9289282373556,
        "29": 1525.0935494939183,
        "8": 1550.708093769475
      },
      "home_model": {
        "7": {
          "res_sum": 1.1359428826313223,
          "n": 28
        },
        "54": {
          "res_sum": -2.256271625217317,
          "n": 29
        },
        "20": {
          "res_sum": -0.9194751365338137,
          "n": 30
        },
        "28": {
          "res_sum": -0.4198664985845716,
          "n": 27
        },
        "55": {
          "res_sum": -0.6476088929832289,
          "n": 29
        },
        "15": {
          "res_sum": -1.5496684183354617,
          "n": 31
        },
        "10": {
          "res_sum": -0.9572922786963644,
          "n": 32
        },
        "14": {
          "res_sum": -0.16018780131312338,
          "n": 27
        },
        "3": {
          "res_sum": -7.032237828565566,
          "n": 25
        },
        "4": {
          "res_sum": -3.2489136415562423,
          "n": 30
        },
        "19": {
          "res_sum": -0.7775985309321918,
          "n": 31
        },
        "68": {
          "res_sum": 0.8509659928020831,
          "n": 28
        },
        "5": {
          "res_sum": -3.242264027370104,
          "n": 29
        },
        "16": {
          "res_sum": -3.9579137139390888,
          "n": 33
        },
        "23": {
          "res_sum": -5.815007943362387,
          "n": 28
        },
        "6": {
          "res_sum": 2.231240994446563,
          "n": 31
        },
        "26": {
          "res_sum": -4.013171469795192,
          "n": 26
        },
        "18": {
          "res_sum": -0.028946019042133786,
          "n": 30
        },
        "25": {
          "res_sum": -0.6259751706288612,
          "n": 26
        },
        "8": {
          "res_sum": -1.2996935814686101,
          "n": 29
        },
        "13": {
          "res_sum": -2.6332563159591493,
          "n": 31
        },
        "17": {
          "res_sum": -0.2684576607546481,
          "n": 31
        },
        "22": {
          "res_sum": -1.7889084535449125,
          "n": 29
        },
        "12": {
          "res_sum": 1.1448308995265815,
          "n": 31
        },
        "52": {
          "res_sum": -1.669738212023721,
          "n": 27
        },
        "21": {
          "res_sum": 0.7416722168425235,
          "n": 27
        },
        "2": {
          "res_sum": -0.6231058936606748,
          "n": 28
        },
        "30": {
          "res_sum": -1.5056535945850562,
          "n": 30
        },
        "9": {
          "res_sum": -1.762274232639864,
          "n": 28
        },
        "29": {
          "res_sum": 0.3140960075237168,
          "n": 26
        },
        "24": {
          "res_sum": 1.1450058192290733,
          "n": 26
        },
        "1": {
          "res_sum": -2.7436270904377085,
          "n": 26
        }
      }
    }
  }
}