{
  "seasons": {
    "20252026": {
      "last_built": "2026-01-20",
      "ratings": {
        "7": 1556.984177777554,
        "5": 1526.7339877854404,
        "54": 1513.0853111616814,
        "21": 1661.27386079428,
        "20": 1475.495484835555,
        "23": 1359.7292485749283,
        "28": 1499.006555421425,
        "24": 1452.4598582294996,
        "55": 1471.1154449974088,
        "22": 1528.3776048056661,
        "15": 1488.445016364687,
        "6": 1528.9083983293474,
        "10": 1501.2430623883295,
        "17": 1530.9275086007858,
        "14": 1656.6936398798437,
        "13": 1487.0151100468465,
        "3": 1428.7705492260984,
        "1": 1451.5893978435395,
        "4": 1481.426674011502,
        "2": 1506.916583943519,
        "19": 1418.5093182073083,
        "9": 1497.9707874319265,
        "68": 1520.227494307991,
        "26": 1460.5244206554041,
        "16": 1424.2759775228037,
        "30": 1564.36633754784,
        "52": 1454.2763460716683,
        "18": 1463.080799077756,
        "12": 1541.3772641612225,
        "25": 1552.422344681341,
        "29": 1458.7277627276792,
        "8": 1538.0436725891223
      },
      "home_model": {
        "7": {
          "res_sum": 1.5362763912851989,
          "n": 26
        },
        "54": {
          "res_sum": -1.43381247616179,
          "n": 27
        },
        "20": {
          "res_sum": 0.5685094160893004,
          "n": 25
        },
        "28": {
          "res_sum": -0.7505255107765862,
          "n": 26
        },
        "55": {
          "res_sum": -1.7565609592219618,
          "n": 24
        },
        "15": {
          "res_sum": -2.3887894047558684,
          "n": 29
        },
        "10": {
          "res_sum": 0.7756525557296748,
          "n": 28
        },
        "14": {
          "res_sum": -0.8775798516235415,
          "n": 23
        },
        "3": {
          "res_sum": -7.08947312656757,
          "n": 23
        },
        "4": {
          "res_sum": -2.753275450787973,
          "n": 27
        },
        "19": {
          "res_sum": -0.24691489002751166,
          "n": 27
        },
        "68": {
          "res_sum": 0.9711474446555748,
          "n": 25
        },
        "5": {
          "res_sum": -3.1000990330197293,
          "n": 26
        },
        "16": {
          "res_sum": -3.631797946850385,
          "n": 29
        },
        "23": {
          "res_sum": -5.8401362610247975,
          "n": 22
        },
        "6": {
          "res_sum": 0.9374038616469798,
          "n": 27
        },
        "26": {
          "res_sum": -4.013171469795192,
          "n": 26
        },
        "18": {
          "res_sum": -0.3389151986696387,
          "n": 27
        },
        "25": {
          "res_sum": -1.0176767598213332,
          "n": 24
        },
        "8": {
          "res_sum": -1.5984227189982096,
          "n": 26
        },
        "13": {
          "res_sum": -1.017477829967289,
          "n": 28
        },
        "17": {
          "res_sum": 1.2867294759935821,
          "n": 28
        },
        "22": {
          "res_sum": -0.9522603551001997,
          "n": 23
        },
        "12": {
          "res_sum": 0.6693131470358702,
          "n": 27
        },
        "52": {
          "res_sum": -0.9386555054396645,
          "n": 25
        },
        "21": {
          "res_sum": 2.846674530528822,
          "n": 24
        },
        "2": {
          "res_sum": -0.2080386633156679,
          "n": 24
        },
        "30": {
          "res_sum": -1.7427080190350648,
          "n": 25
        },
        "9": {
          "res_sum": -2.7797735430032633,
          "n": 24
        },
        "29": {
          "res_sum": -1.3578747793381263,
          "n": 23
        },
        "24": {
          "res_sum": 0.1806165550497617,
          "n": 24
        },
        "1": {
          "res_sum": -2.0136846648627076,
          "n": 23
        }
      }
    }
  }
}